_id,funding_type,sub_type,bank,credit_card,lender,mca_tier,rbf,smb,invoice_factoring,personal_income_based_loans,personal_high_risk_interest_bearing_loans,personal_peer_to_peer,personal_general_interest_bearing_loans,personal_zero_interest_credit_cards
6761187d6858bc7b54f19d3f,2,0,1,1,0,0,0,0,0,0,0,0,0,0
6761187d6858bc7b54f19d40,2,0,1,2,0,0,0,0,0,0,0,0,0,0
6761187d6858bc7b54f19d41,2,1,12,0,0,0,0,0,0,0,0,0,0,0
6761187d6858bc7b54f19d42,2,1,12,1,0,0,0,0,0,0,0,0,0,0
6761187d6858bc7b54f19d43,2,1,12,2,0,0,0,0,0,0,0,0,0,0
6761187d6858bc7b54f19d44,2,1,12,3,0,0,0,0,0,0,0,0,0,0
6761187d6858bc7b54f19d45,2,1,12,4,0,0,0,0,0,0,0,0,0,0
6761187d6858bc7b54f19d46,2,1,12,5,0,0,0,0,0,0,0,0,0,0
6761187d6858bc7b54f19d47,2,1,12,6,0,0,0,0,0,0,0,0,0,0
6761187d6858bc7b54f19d48,2,1,12,7,0,0,0,0,0,0,0,0,0,0
6761187d6858bc7b54f19d49,2,1,12,8,0,0,0,0,0,0,0,0,0,0
6761187d6858bc7b54f19d4a,2,1,12,9,0,0,0,0,0,0,0,0,0,0
6761187d6858bc7b54f19d4b,2,1,12,10,0,0,0,0,0,0,0,0,0,0
6761187d6858bc7b54f19d4c,2,1,12,11,0,0,0,0,0,0,0,0,0,0
6761187d6858bc7b54f19d4d,2,1,12,12,0,0,0,0,0,0,0,0,0,0
6761187d6858bc7b54f19d4e,2,1,12,13,0,0,0,0,0,0,0,0,0,0
6761187d6858bc7b54f19d4f,2,1,12,14,0,0,0,0,0,0,0,0,0,0
6761187d6858bc7b54f19d50,2,1,12,15,0,0,0,0,0,0,0,0,0,0
6761187d6858bc7b54f19d51,2,1,12,16,0,0,0,0,0,0,0,0,0,0
6761187d6858bc7b54f19d52,2,1,12,17,0,0,0,0,0,0,0,0,0,0
6761187d6858bc7b54f19d53,2,1,12,18,0,0,0,0,0,0,0,0,0,0
6761187d6858bc7b54f19d54,2,1,12,19,0,0,0,0,0,0,0,0,0,0
6761187d6858bc7b54f19d55,2,1,12,20,0,0,0,0,0,0,0,0,0,0
6761187d6858bc7b54f19d56,2,1,12,21,0,0,0,0,0,0,0,0,0,0
6761187d6858bc7b54f19d57,2,1,12,22,0,0,0,0,0,0,0,0,0,0
6761187d6858bc7b54f19d58,2,1,12,23,0,0,0,0,0,0,0,0,0,0
6761187d6858bc7b54f19d59,2,1,12,24,0,0,0,0,0,0,0,0,0,0
6761187d6858bc7b54f19d5a,2,1,12,25,0,0,0,0,0,0,0,0,0,0
6761187d6858bc7b54f19d5b,2,1,12,26,0,0,0,0,0,0,0,0,0,0
6761187d6858bc7b54f19d5c,2,1,12,27,0,0,0,0,0,0,0,0,0,0
6761187d6858bc7b54f19d5d,2,1,12,28,0,0,0,0,0,0,0,0,0,0
6761187d6858bc7b54f19d5e,2,1,12,29,0,0,0,0,0,0,0,0,0,0
6761187d6858bc7b54f19d5f,2,1,12,30,0,0,0,0,0,0,0,0,0,0
6761187d6858bc7b54f19d60,2,1,12,31,0,0,0,0,0,0,0,0,0,0
6761187d6858bc7b54f19d61,2,1,12,32,0,0,0,0,0,0,0,0,0,0
6761187d6858bc7b54f19d62,2,1,12,33,0,0,0,0,0,0,0,0,0,0
6761187d6858bc7b54f19d63,2,0,5,2,0,0,0,0,0,0,0,0,0,0
6761187d6858bc7b54f19d64,2,0,5,3,0,0,0,0,0,0,0,0,0,0
6761187d6858bc7b54f19d65,2,1,11,0,0,0,0,0,0,0,0,0,0,0
6761187d6858bc7b54f19d66,2,0,7,1,0,0,0,0,0,0,0,0,0,0
6761187d6858bc7b54f19d67,2,0,6,2,0,0,0,0,0,0,0,0,0,0
6761187d6858bc7b54f19d68,2,0,6,3,0,0,0,0,0,0,0,0,0,0
6761187d6858bc7b54f19d69,2,0,6,4,0,0,0,0,0,0,0,0,0,0
6761187d6858bc7b54f19d6a,2,0,6,5,0,0,0,0,0,0,0,0,0,0
6761187d6858bc7b54f19d6b,2,0,2,2,0,0,0,0,0,0,0,0,0,0
6761187d6858bc7b54f19d6c,2,0,2,3,0,0,0,0,0,0,0,0,0,0
6761187d6858bc7b54f19d6d,2,0,2,4,0,0,0,0,0,0,0,0,0,0
6761187d6858bc7b54f19d6e,2,0,3,5,0,0,0,0,0,0,0,0,0,0
6761187d6858bc7b54f19d6f,2,2,0,0,0,0,0,0,0,0,0,0,0,0
6761187d6858bc7b54f19d70,2,2,0,1,0,0,0,0,0,0,0,0,0,0
6761187d6858bc7b54f19d71,2,2,0,2,0,0,0,0,0,0,0,0,0,0
6761187d6858bc7b54f19d72,2,2,11,0,0,0,0,0,0,0,0,0,0,0
6761187d6858bc7b54f19d73,2,2,11,1,0,0,0,0,0,0,0,0,0,0
6761187d6858bc7b54f19d74,2,2,11,2,0,0,0,0,0,0,0,0,0,0
6761187d6858bc7b54f19d75,2,2,11,3,0,0,0,0,0,0,0,0,0,0
6761187d6858bc7b54f19d76,2,2,11,4,0,0,0,0,0,0,0,0,0,0
6761187d6858bc7b54f19d77,2,2,11,5,0,0,0,0,0,0,0,0,0,0
6761187d6858bc7b54f19d78,2,2,3,0,0,0,0,0,0,0,0,0,0,0
6761187d6858bc7b54f19d79,2,2,3,1,0,0,0,0,0,0,0,0,0,0
6761187d6858bc7b54f19d7a,2,2,3,2,0,0,0,0,0,0,0,0,0,0
6761187d6858bc7b54f19d7b,2,2,3,3,0,0,0,0,0,0,0,0,0,0
6761187d6858bc7b54f19d7c,2,2,3,4,0,0,0,0,0,0,0,0,0,0
6761187d6858bc7b54f19d7d,2,2,3,5,0,0,0,0,0,0,0,0,0,0
6761187d6858bc7b54f19d7e,2,2,3,6,0,0,0,0,0,0,0,0,0,0
6761187d6858bc7b54f19d7f,2,2,3,7,0,0,0,0,0,0,0,0,0,0
6761187d6858bc7b54f19d80,2,1,10,0,0,0,0,0,0,0,0,0,0,0
6761187d6858bc7b54f19d81,2,1,10,1,0,0,0,0,0,0,0,0,0,0
6761187d6858bc7b54f19d82,2,1,10,2,0,0,0,0,0,0,0,0,0,0
6761187d6858bc7b54f19d83,2,1,10,3,0,0,0,0,0,0,0,0,0,0
6761187d6858bc7b54f19d84,2,2,6,0,0,0,0,0,0,0,0,0,0,0
6761187d6858bc7b54f19d85,2,2,6,1,0,0,0,0,0,0,0,0,0,0
6761187d6858bc7b54f19d86,2,2,7,0,0,0,0,0,0,0,0,0,0,0
6761187d6858bc7b54f19d87,2,2,7,1,0,0,0,0,0,0,0,0,0,0
6761187d6858bc7b54f19d88,2,2,7,2,0,0,0,0,0,0,0,0,0,0
6761187d6858bc7b54f19d89,2,2,7,3,0,0,0,0,0,0,0,0,0,0
6761187d6858bc7b54f19d8a,2,2,7,4,0,0,0,0,0,0,0,0,0,0
6761187d6858bc7b54f19d8b,2,2,7,5,0,0,0,0,0,0,0,0,0,0
6761187d6858bc7b54f19d8c,2,3,1,0,0,0,0,0,0,0,0,0,0,0
6761187d6858bc7b54f19d8d,2,3,1,1,0,0,0,0,0,0,0,0,0,0
6761187d6858bc7b54f19d8e,2,3,1,2,0,0,0,0,0,0,0,0,0,0
6761187d6858bc7b54f19d8f,2,3,1,3,0,0,0,0,0,0,0,0,0,0
6761187d6858bc7b54f19d90,2,3,1,4,0,0,0,0,0,0,0,0,0,0
6761187d6858bc7b54f19d91,2,3,1,5,0,0,0,0,0,0,0,0,0,0
6761187d6858bc7b54f19d92,2,3,1,6,0,0,0,0,0,0,0,0,0,0
6761187d6858bc7b54f19d93,2,3,1,7,0,0,0,0,0,0,0,0,0,0
6761187d6858bc7b54f19d94,2,3,1,8,0,0,0,0,0,0,0,0,0,0
6761187d6858bc7b54f19d95,2,3,1,9,0,0,0,0,0,0,0,0,0,0
6761187d6858bc7b54f19d96,2,3,1,10,0,0,0,0,0,0,0,0,0,0
6761187d6858bc7b54f19d97,2,3,1,11,0,0,0,0,0,0,0,0,0,0
6761187d6858bc7b54f19d98,2,2,12,0,0,0,0,0,0,0,0,0,0,0
6761187d6858bc7b54f19d99,2,2,12,1,0,0,0,0,0,0,0,0,0,0
6761187d6858bc7b54f19d9a,2,2,12,2,0,0,0,0,0,0,0,0,0,0
6761187d6858bc7b54f19d9b,2,2,12,3,0,0,0,0,0,0,0,0,0,0
6761187d6858bc7b54f19d9c,2,2,12,4,0,0,0,0,0,0,0,0,0,0
6761187d6858bc7b54f19d9d,2,2,12,5,0,0,0,0,0,0,0,0,0,0
6761187d6858bc7b54f19d9e,2,2,12,6,0,0,0,0,0,0,0,0,0,0
6761187d6858bc7b54f19d9f,2,2,12,7,0,0,0,0,0,0,0,0,0,0
6761187d6858bc7b54f19da0,2,2,12,8,0,0,0,0,0,0,0,0,0,0
6761187d6858bc7b54f19da1,2,2,12,9,0,0,0,0,0,0,0,0,0,0
6761187d6858bc7b54f19da2,2,2,12,10,0,0,0,0,0,0,0,0,0,0
6761187d6858bc7b54f19da3,2,2,12,11,0,0,0,0,0,0,0,0,0,0
6761187d6858bc7b54f19da4,2,2,12,12,0,0,0,0,0,0,0,0,0,0
6761187d6858bc7b54f19da5,2,2,12,13,0,0,0,0,0,0,0,0,0,0
6761187d6858bc7b54f19da6,2,2,12,14,0,0,0,0,0,0,0,0,0,0
6761187d6858bc7b54f19da7,2,2,12,15,0,0,0,0,0,0,0,0,0,0
6761187d6858bc7b54f19da8,2,2,12,16,0,0,0,0,0,0,0,0,0,0
6761187d6858bc7b54f19da9,2,2,12,17,0,0,0,0,0,0,0,0,0,0
6761187d6858bc7b54f19daa,2,2,12,18,0,0,0,0,0,0,0,0,0,0
6761187d6858bc7b54f19dab,2,2,12,19,0,0,0,0,0,0,0,0,0,0
6761187d6858bc7b54f19dac,2,2,12,20,0,0,0,0,0,0,0,0,0,0
6761187d6858bc7b54f19dad,2,2,12,21,0,0,0,0,0,0,0,0,0,0
6761187d6858bc7b54f19dae,2,2,12,22,0,0,0,0,0,0,0,0,0,0
6761187d6858bc7b54f19daf,2,2,12,23,0,0,0,0,0,0,0,0,0,0
6761187d6858bc7b54f19db0,2,2,12,24,0,0,0,0,0,0,0,0,0,0
6761187d6858bc7b54f19db1,2,2,12,25,0,0,0,0,0,0,0,0,0,0
6761187d6858bc7b54f19db2,2,2,12,26,0,0,0,0,0,0,0,0,0,0
6761187d6858bc7b54f19db3,2,2,12,27,0,0,0,0,0,0,0,0,0,0
6761187d6858bc7b54f19db4,2,2,12,28,0,0,0,0,0,0,0,0,0,0
6761187d6858bc7b54f19db5,2,2,12,29,0,0,0,0,0,0,0,0,0,0
6761187d6858bc7b54f19db6,2,2,12,30,0,0,0,0,0,0,0,0,0,0
6761187d6858bc7b54f19db7,2,2,12,31,0,0,0,0,0,0,0,0,0,0
6761187d6858bc7b54f19db8,2,2,12,32,0,0,0,0,0,0,0,0,0,0
6761187d6858bc7b54f19db9,2,2,12,33,0,0,0,0,0,0,0,0,0,0
6761187d6858bc7b54f19dba,2,2,12,34,0,0,0,0,0,0,0,0,0,0
6761187d6858bc7b54f19dbb,2,2,12,35,0,0,0,0,0,0,0,0,0,0
6761187d6858bc7b54f19dbc,2,2,12,36,0,0,0,0,0,0,0,0,0,0
6761187d6858bc7b54f19dbd,2,2,12,37,0,0,0,0,0,0,0,0,0,0
6761187d6858bc7b54f19dbe,2,0,0,0,0,34,0,0,0,0,0,0,0,0
6761187d6858bc7b54f19dbf,2,0,0,0,0,35,0,0,0,0,0,0,0,0
6761187d6858bc7b54f19dc0,2,0,0,0,0,36,0,0,0,0,0,0,0,0
6761187d6858bc7b54f19dc1,2,0,0,0,0,37,0,0,0,0,0,0,0,0
6761187d6858bc7b54f19dc2,2,0,0,0,0,38,0,0,0,0,0,0,0,0
6761187d6858bc7b54f19dc3,2,0,0,0,0,39,0,0,0,0,0,0,0,0
6761187d6858bc7b54f19dc4,2,0,0,0,0,40,0,0,0,0,0,0,0,0
6761187d6858bc7b54f19dc5,2,0,0,0,0,41,0,0,0,0,0,0,0,0
6761187d6858bc7b54f19dc6,2,0,0,0,0,42,0,0,0,0,0,0,0,0
6761187d6858bc7b54f19dc7,2,0,0,0,0,43,0,0,0,0,0,0,0,0
6761187d6858bc7b54f19dc8,2,0,0,0,0,44,0,0,0,0,0,0,0,0
6761187d6858bc7b54f19dc9,2,0,0,0,0,45,0,0,0,0,0,0,0,0
6761187d6858bc7b54f19dca,2,0,0,0,0,46,0,0,0,0,0,0,0,0
6761187d6858bc7b54f19dcb,2,0,0,0,0,47,0,0,0,0,0,0,0,0
6761187d6858bc7b54f19dcc,2,0,0,0,0,48,0,0,0,0,0,0,0,0
6761187d6858bc7b54f19dcd,2,0,0,0,0,49,0,0,0,0,0,0,0,0
6761187d6858bc7b54f19dce,2,0,0,0,0,50,0,0,0,0,0,0,0,0
6761187d6858bc7b54f19dcf,2,0,0,0,0,51,0,0,0,0,0,0,0,0
6761187d6858bc7b54f19dd0,2,0,0,0,0,52,0,0,0,0,0,0,0,0
6761187d6858bc7b54f19dd1,2,0,0,0,0,53,0,0,0,0,0,0,0,0
6761187d6858bc7b54f19dd2,2,0,0,0,0,54,0,0,0,0,0,0,0,0
6761187d6858bc7b54f19dd3,2,0,0,0,0,55,0,0,0,0,0,0,0,0
6761187d6858bc7b54f19dd4,2,0,0,0,0,56,0,0,0,0,0,0,0,0
6761187d6858bc7b54f19dd5,2,0,0,0,0,57,0,0,0,0,0,0,0,0
6761187d6858bc7b54f19dd6,2,0,0,0,0,58,0,0,0,0,0,0,0,0
6761187d6858bc7b54f19dd7,2,0,0,0,0,59,0,0,0,0,0,0,0,0
6761187d6858bc7b54f19dd8,2,0,0,0,0,60,0,0,0,0,0,0,0,0
6761187d6858bc7b54f19dd9,2,0,0,0,0,61,0,0,0,0,0,0,0,0
6761187d6858bc7b54f19dda,2,0,0,0,0,62,0,0,0,0,0,0,0,0
6761187d6858bc7b54f19ddb,2,0,0,0,0,63,0,0,0,0,0,0,0,0
6761187d6858bc7b54f19ddc,2,0,0,0,0,64,0,0,0,0,0,0,0,0
6761187d6858bc7b54f19ddd,2,0,0,0,0,65,0,0,0,0,0,0,0,0
6761187d6858bc7b54f19dde,2,4,1,0,0,0,0,0,0,0,0,0,0,0
6761187d6858bc7b54f19ddf,2,0,66,0,0,0,0,0,0,0,0,0,0,0
6761187d6858bc7b54f19de0,2,0,67,0,0,0,0,0,0,0,0,0,0,0
6761187d6858bc7b54f19de1,2,0,68,0,0,0,0,0,0,0,0,0,0,0
6761187d6858bc7b54f19de2,2,0,69,0,0,0,0,0,0,0,0,0,0,0
6761187d6858bc7b54f19de3,2,0,0,0,0,0,0,70,0,0,0,0,0,0
6761187d6858bc7b54f19de4,2,1,0,0,0,0,0,62,0,0,0,0,0,0
6761187d6858bc7b54f19de5,2,0,0,0,0,0,0,71,0,0,0,0,0,0
6761187d6858bc7b54f19de6,2,0,0,0,0,0,0,72,0,0,0,0,0,0
6761187d6858bc7b54f19de7,2,0,0,0,0,0,0,73,0,0,0,0,0,0
6761187d6858bc7b54f19de8,2,1,0,0,0,0,0,16,0,0,0,0,0,0
6761187d6858bc7b54f19de9,2,0,0,0,0,0,0,74,0,0,0,0,0,0
6761187d6858bc7b54f19dea,2,0,0,0,75,0,0,0,0,0,0,0,0,0
6761187d6858bc7b54f19deb,2,0,0,0,76,0,0,0,0,0,0,0,0,0
6761187d6858bc7b54f19dec,2,0,0,0,77,0,0,0,0,0,0,0,0,0
6761187d6858bc7b54f19ded,2,0,0,0,78,0,0,0,0,0,0,0,0,0
6761187d6858bc7b54f19dee,2,0,0,0,79,0,0,0,0,0,0,0,0,0
6761187d6858bc7b54f19def,2,0,0,0,80,0,0,0,0,0,0,0,0,0
6761187d6858bc7b54f19df0,2,0,0,0,81,0,0,0,0,0,0,0,0,0
6761187d6858bc7b54f19df1,2,0,0,0,82,0,0,0,0,0,0,0,0,0
6761187d6858bc7b54f19df2,2,0,0,0,83,0,0,0,0,0,0,0,0,0
6761187d6858bc7b54f19df3,2,0,0,0,84,0,0,0,0,0,0,0,0,0
6761187d6858bc7b54f19df4,2,0,0,0,85,0,0,0,0,0,0,0,0,0
6761187d6858bc7b54f19df5,2,0,0,0,0,0,86,0,0,0,0,0,0,0
6761187d6858bc7b54f19df6,2,0,0,0,0,0,87,0,0,0,0,0,0,0
6761187d6858bc7b54f19df7,2,0,0,0,0,0,88,0,0,0,0,0,0,0
6761187d6858bc7b54f19df8,2,0,0,0,0,0,89,0,0,0,0,0,0,0
6761187d6858bc7b54f19df9,2,0,0,0,0,0,90,0,0,0,0,0,0,0
6761187d6858bc7b54f19dfa,2,0,0,0,0,0,91,0,0,0,0,0,0,0
6761187d6858bc7b54f19dfb,2,0,0,0,0,0,92,0,0,0,0,0,0,0
6761187d6858bc7b54f19dfc,2,0,0,0,0,0,93,0,0,0,0,0,0,0
6761187d6858bc7b54f19dfd,2,0,0,0,0,0,94,0,0,0,0,0,0,0
6761187d6858bc7b54f19dfe,2,0,0,0,0,0,0,0,95,0,0,0,0,0
6761187d6858bc7b54f19dff,2,0,0,0,0,0,0,0,96,0,0,0,0,0
6761187d6858bc7b54f19e00,2,0,0,0,0,0,0,0,97,0,0,0,0,0
6761187d6858bc7b54f19e01,2,0,0,0,0,0,0,0,98,0,0,0,0,0
6761187d6858bc7b54f19e02,2,0,0,0,0,0,0,0,99,0,0,0,0,0
6761187d6858bc7b54f19e03,2,0,0,0,0,0,0,0,100,0,0,0,0,0
6761187d6858bc7b54f19e04,2,1,0,0,0,0,0,0,64,0,0,0,0,0
6761187d6858bc7b54f19e05,2,0,0,0,0,0,0,0,101,0,0,0,0,0
6761187d6858bc7b54f19e06,2,0,0,0,0,0,0,0,102,0,0,0,0,0
676119a4c6bfc2705645c50a,1,0,0,0,0,0,0,0,0,0,0,0,0,0
676119a4c6bfc2705645c50b,1,0,0,1,0,0,0,0,0,0,0,0,0,0
676119a4c6bfc2705645c50c,1,0,0,2,0,0,0,0,0,0,0,0,0,0
676119a4c6bfc2705645c50d,1,0,0,3,0,0,0,0,0,0,0,0,0,0
676119a4c6bfc2705645c50e,1,0,1,0,0,0,0,0,0,0,0,0,0,0
676119a4c6bfc2705645c50f,1,0,2,0,0,0,0,0,0,0,0,0,0,0
676119a4c6bfc2705645c510,1,0,2,1,0,0,0,0,0,0,0,0,0,0
676119a4c6bfc2705645c511,1,0,3,0,0,0,0,0,0,0,0,0,0,0
676119a4c6bfc2705645c512,1,0,3,1,0,0,0,0,0,0,0,0,0,0
676119a4c6bfc2705645c513,1,0,3,2,0,0,0,0,0,0,0,0,0,0
676119a4c6bfc2705645c514,1,0,3,3,0,0,0,0,0,0,0,0,0,0
676119a4c6bfc2705645c515,1,0,3,4,0,0,0,0,0,0,0,0,0,0
676119a4c6bfc2705645c516,1,0,4,0,0,0,0,0,0,0,0,0,0,0
676119a4c6bfc2705645c517,1,0,4,1,0,0,0,0,0,0,0,0,0,0
676119a4c6bfc2705645c518,1,0,4,2,0,0,0,0,0,0,0,0,0,0
676119a4c6bfc2705645c519,1,0,4,3,0,0,0,0,0,0,0,0,0,0
676119a4c6bfc2705645c51a,1,0,4,4,0,0,0,0,0,0,0,0,0,0
676119a4c6bfc2705645c51b,1,0,5,0,0,0,0,0,0,0,0,0,0,0
676119a4c6bfc2705645c51c,1,0,5,1,0,0,0,0,0,0,0,0,0,0
676119a4c6bfc2705645c51d,1,0,6,0,0,0,0,0,0,0,0,0,0,0
676119a4c6bfc2705645c51e,1,0,6,1,0,0,0,0,0,0,0,0,0,0
676119a4c6bfc2705645c51f,1,0,7,0,0,0,0,0,0,0,0,0,0,0
676119a4c6bfc2705645c520,1,0,8,0,0,0,0,0,0,0,0,0,0,0
676119a4c6bfc2705645c521,1,0,8,1,0,0,0,0,0,0,0,0,0,0
676119a4c6bfc2705645c522,1,0,9,0,0,0,0,0,0,0,0,0,0,0
676119a4c6bfc2705645c523,1,0,10,0,0,0,0,0,0,0,0,0,0,0
676119a4c6bfc2705645c524,1,0,10,1,0,0,0,0,0,0,0,0,0,0
676119a4c6bfc2705645c525,1,0,10,2,0,0,0,0,0,0,0,0,0,0
676119a4c6bfc2705645c526,1,0,10,3,0,0,0,0,0,0,0,0,0,0
676119a4c6bfc2705645c527,1,0,10,4,0,0,0,0,0,0,0,0,0,0
676119a4c6bfc2705645c528,1,0,10,5,0,0,0,0,0,0,0,0,0,0
676119a4c6bfc2705645c529,1,0,10,6,0,0,0,0,0,0,0,0,0,0
676119a4c6bfc2705645c52a,1,0,10,7,0,0,0,0,0,0,0,0,0,0
676119a4c6bfc2705645c52b,1,0,10,8,0,0,0,0,0,0,0,0,0,0
676119a4c6bfc2705645c52c,1,0,10,9,0,0,0,0,0,0,0,0,0,0
676119a4c6bfc2705645c52d,1,0,10,10,0,0,0,0,0,0,0,0,0,0
676119a4c6bfc2705645c52e,1,0,10,11,0,0,0,0,0,0,0,0,0,0
676119a4c6bfc2705645c52f,1,0,10,12,0,0,0,0,0,0,0,0,0,0
676119a4c6bfc2705645c530,1,1,2,0,0,0,0,0,0,0,0,0,0,0
676119a4c6bfc2705645c531,1,1,2,1,0,0,0,0,0,0,0,0,0,0
676119a4c6bfc2705645c532,1,1,2,2,0,0,0,0,0,0,0,0,0,0
676119a4c6bfc2705645c533,1,1,2,3,0,0,0,0,0,0,0,0,0,0
676119a4c6bfc2705645c534,1,1,2,4,0,0,0,0,0,0,0,0,0,0
676119a4c6bfc2705645c535,1,1,2,5,0,0,0,0,0,0,0,0,0,0
676119a4c6bfc2705645c536,1,1,3,0,0,0,0,0,0,0,0,0,0,0
676119a4c6bfc2705645c537,1,1,3,1,0,0,0,0,0,0,0,0,0,0
676119a4c6bfc2705645c538,1,1,3,2,0,0,0,0,0,0,0,0,0,0
676119a4c6bfc2705645c539,1,1,3,3,0,0,0,0,0,0,0,0,0,0
676119a4c6bfc2705645c53a,1,1,3,4,0,0,0,0,0,0,0,0,0,0
676119a4c6bfc2705645c53b,1,1,3,5,0,0,0,0,0,0,0,0,0,0
676119a4c6bfc2705645c53c,1,1,3,6,0,0,0,0,0,0,0,0,0,0
676119a4c6bfc2705645c53d,1,1,3,7,0,0,0,0,0,0,0,0,0,0
676119a4c6bfc2705645c53e,1,1,3,8,0,0,0,0,0,0,0,0,0,0
676119a4c6bfc2705645c53f,1,1,3,9,0,0,0,0,0,0,0,0,0,0
676119a4c6bfc2705645c540,1,1,3,10,0,0,0,0,0,0,0,0,0,0
676119a4c6bfc2705645c541,1,1,3,11,0,0,0,0,0,0,0,0,0,0
676119a4c6bfc2705645c542,1,1,3,12,0,0,0,0,0,0,0,0,0,0
676119a4c6bfc2705645c543,1,1,3,13,0,0,0,0,0,0,0,0,0,0
676119a4c6bfc2705645c544,1,1,3,14,0,0,0,0,0,0,0,0,0,0
676119a4c6bfc2705645c545,1,1,3,15,0,0,0,0,0,0,0,0,0,0
676119a4c6bfc2705645c546,1,1,0,0,0,0,0,0,0,0,0,0,0,0
676119a4c6bfc2705645c547,1,1,0,1,0,0,0,0,0,0,0,0,0,0
676119a4c6bfc2705645c548,1,1,0,2,0,0,0,0,0,0,0,0,0,0
676119a4c6bfc2705645c549,1,1,0,3,0,0,0,0,0,0,0,0,0,0
676119a4c6bfc2705645c54a,1,1,0,4,0,0,0,0,0,0,0,0,0,0
676119a4c6bfc2705645c54b,1,1,0,5,0,0,0,0,0,0,0,0,0,0
676119a4c6bfc2705645c54c,1,0,11,0,0,0,0,0,0,0,0,0,0,0
676119a4c6bfc2705645c54d,1,0,11,1,0,0,0,0,0,0,0,0,0,0
676119a4c6bfc2705645c54e,1,1,7,0,0,0,0,0,0,0,0,0,0,0
676119a4c6bfc2705645c54f,1,1,7,1,0,0,0,0,0,0,0,0,0,0
676119a4c6bfc2705645c550,1,1,7,2,0,0,0,0,0,0,0,0,0,0
676119a4c6bfc2705645c551,1,1,7,3,0,0,0,0,0,0,0,0,0,0
676119a4c6bfc2705645c552,1,1,7,4,0,0,0,0,0,0,0,0,0,0
676119a4c6bfc2705645c553,1,1,6,0,0,0,0,0,0,0,0,0,0,0
676119a4c6bfc2705645c554,1,1,6,1,0,0,0,0,0,0,0,0,0,0
676119a4c6bfc2705645c555,1,1,6,2,0,0,0,0,0,0,0,0,0,0
676119a4c6bfc2705645c556,1,0,12,0,0,0,0,0,0,0,0,0,0,0
676119a4c6bfc2705645c557,1,0,12,1,0,0,0,0,0,0,0,0,0,0
676119a4c6bfc2705645c558,1,0,12,2,0,0,0,0,0,0,0,0,0,0
676119a4c6bfc2705645c559,1,0,12,3,0,0,0,0,0,0,0,0,0,0
676119a4c6bfc2705645c55a,1,0,12,4,0,0,0,0,0,0,0,0,0,0
676119a4c6bfc2705645c55b,1,0,12,5,0,0,0,0,0,0,0,0,0,0
676119a4c6bfc2705645c55c,1,0,12,6,0,0,0,0,0,0,0,0,0,0
676119a4c6bfc2705645c55d,1,0,12,7,0,0,0,0,0,0,0,0,0,0
676119a4c6bfc2705645c55e,1,0,12,8,0,0,0,0,0,0,0,0,0,0
676119a4c6bfc2705645c55f,1,0,12,9,0,0,0,0,0,0,0,0,0,0
676119a4c6bfc2705645c560,1,0,12,10,0,0,0,0,0,0,0,0,0,0
676119a4c6bfc2705645c561,1,0,12,11,0,0,0,0,0,0,0,0,0,0
676119a4c6bfc2705645c562,1,0,12,12,0,0,0,0,0,0,0,0,0,0
676119a4c6bfc2705645c563,1,0,12,13,0,0,0,0,0,0,0,0,0,0
676119a4c6bfc2705645c564,1,0,12,14,0,0,0,0,0,0,0,0,0,0
676119a4c6bfc2705645c565,1,0,12,15,0,0,0,0,0,0,0,0,0,0
676119a4c6bfc2705645c566,1,0,12,16,0,0,0,0,0,0,0,0,0,0
676119a4c6bfc2705645c567,1,0,12,17,0,0,0,0,0,0,0,0,0,0
676119a4c6bfc2705645c568,1,0,12,18,0,0,0,0,0,0,0,0,0,0
676119a4c6bfc2705645c569,1,0,12,19,0,0,0,0,0,0,0,0,0,0
676119a4c6bfc2705645c56a,1,0,12,20,0,0,0,0,0,0,0,0,0,0
676119a4c6bfc2705645c56b,1,1,5,0,0,0,0,0,0,0,0,0,0,0
676119a4c6bfc2705645c56c,1,1,5,1,0,0,0,0,0,0,0,0,0,0
676119a4c6bfc2705645c56d,1,1,5,2,0,0,0,0,0,0,0,0,0,0
676119a4c6bfc2705645c56e,1,1,5,3,0,0,0,0,0,0,0,0,0,0
676119a4c6bfc2705645c56f,1,1,5,4,0,0,0,0,0,0,0,0,0,0
676119a4c6bfc2705645c570,1,1,5,5,0,0,0,0,0,0,0,0,0,0
676119a4c6bfc2705645c571,1,1,5,6,0,0,0,0,0,0,0,0,0,0
676119a4c6bfc2705645c572,1,1,5,7,0,0,0,0,0,0,0,0,0,0
676119a4c6bfc2705645c573,1,1,1,0,0,0,0,0,0,0,0,0,0,0
676119a4c6bfc2705645c574,1,1,1,1,0,0,0,0,0,0,0,0,0,0
676119a4c6bfc2705645c575,1,1,1,2,0,0,0,0,0,0,0,0,0,0
676119a4c6bfc2705645c576,1,1,1,3,0,0,0,0,0,0,0,0,0,0
676119a4c6bfc2705645c577,1,1,1,4,0,0,0,0,0,0,0,0,0,0
676119a4c6bfc2705645c578,1,1,1,5,0,0,0,0,0,0,0,0,0,0
676119a4c6bfc2705645c579,1,1,1,6,0,0,0,0,0,0,0,0,0,0
676119a4c6bfc2705645c57a,1,1,1,7,0,0,0,0,0,0,0,0,0,0
676119a4c6bfc2705645c57b,1,1,1,8,0,0,0,0,0,0,0,0,0,0
676119a4c6bfc2705645c57c,1,1,1,9,0,0,0,0,0,0,0,0,0,0
676119a4c6bfc2705645c57d,1,1,1,10,0,0,0,0,0,0,0,0,0,0
676119a4c6bfc2705645c57e,1,1,1,11,0,0,0,0,0,0,0,0,0,0
676119a4c6bfc2705645c57f,1,1,1,12,0,0,0,0,0,0,0,0,0,0
676119a4c6bfc2705645c580,1,1,1,13,0,0,0,0,0,0,0,0,0,0
676119a4c6bfc2705645c581,1,1,1,14,0,0,0,0,0,0,0,0,0,0
676119a4c6bfc2705645c582,1,1,1,15,0,0,0,0,0,0,0,0,0,0
676119a4c6bfc2705645c583,1,1,1,16,0,0,0,0,0,0,0,0,0,0
676119a4c6bfc2705645c584,1,1,1,17,0,0,0,0,0,0,0,0,0,0
676119a4c6bfc2705645c585,1,1,0,17,0,0,0,0,0,0,0,0,0,0
676119a4c6bfc2705645c586,1,0,0,0,0,0,0,0,0,0,0,0,14,0
676119a4c6bfc2705645c587,1,0,0,0,0,0,0,0,0,0,0,0,15,0
676119a4c6bfc2705645c588,1,1,0,0,0,0,0,0,0,0,0,0,4,0
676119a4c6bfc2705645c589,1,0,0,0,0,0,0,0,0,0,0,0,16,0
676119a4c6bfc2705645c58a,1,0,0,0,0,0,0,0,0,0,0,0,17,0
676119a4c6bfc2705645c58b,1,0,0,0,0,0,0,0,0,0,0,0,18,0
676119a4c6bfc2705645c58c,1,0,0,0,0,0,0,0,0,0,0,0,19,0
676119a4c6bfc2705645c58d,1,0,0,0,0,0,0,0,0,0,0,0,20,0
676119a4c6bfc2705645c58e,1,2,0,0,0,0,0,0,0,0,0,0,1,0
676119a4c6bfc2705645c58f,1,0,0,0,0,0,0,0,0,0,0,21,0,0
676119a4c6bfc2705645c590,1,0,0,0,0,0,0,0,0,0,22,0,0,0
676119a4c6bfc2705645c591,1,0,0,0,0,0,0,0,0,0,23,0,0,0
676119a4c6bfc2705645c592,1,0,0,0,0,0,0,0,0,0,24,0,0,0
676119a4c6bfc2705645c593,1,0,0,0,0,0,0,0,0,0,25,0,0,0
676119a4c6bfc2705645c594,1,0,0,0,0,0,0,0,0,0,26,0,0,0
676119a4c6bfc2705645c595,1,0,0,0,0,0,0,0,0,27,0,0,0,0
676119a4c6bfc2705645c596,1,0,0,0,0,0,0,0,0,28,0,0,0,0
676119a4c6bfc2705645c597,1,0,0,0,0,0,0,0,0,29,0,0,0,0
676119a4c6bfc2705645c598,1,0,0,0,0,0,0,0,0,30,0,0,0,0
676119a4c6bfc2705645c599,1,0,0,0,0,0,0,0,0,31,0,0,0,0
676119a4c6bfc2705645c59a,1,0,0,0,0,0,0,0,0,32,0,0,0,0
676119a4c6bfc2705645c59b,1,0,0,0,0,0,0,0,0,33,0,0,0,0
